Timestamp;distance
15.03.21 12:53;882
15.03.21 12:43;886
15.03.21 12:33;883
15.03.21 12:23;887
15.03.21 12:13;886
15.03.21 12:03;884
15.03.21 11:53;883
15.03.21 11:44;881
15.03.21 11:34;883
15.03.21 11:24;883
15.03.21 11:14;882
15.03.21 11:04;885
15.03.21 10:54;883
15.03.21 10:44;881
15.03.21 10:34;887
15.03.21 10:26;1795
15.03.21 10:16;1792
15.03.21 10:06;1793
15.03.21 09:56;1793
15.03.21 09:46;1789
15.03.21 09:36;1791
15.03.21 09:26;1788
15.03.21 09:16;1792
15.03.21 09:07;1792
15.03.21 08:57;1793
15.03.21 08:47;1792
15.03.21 08:37;1792
15.03.21 08:27;1797
15.03.21 08:17;1789
15.03.21 08:07;1793
15.03.21 07:57;1791
15.03.21 07:48;1790
15.03.21 07:38;1794
15.03.21 07:28;1792
15.03.21 07:18;1789
15.03.21 07:08;1793
15.03.21 06:58;1795
15.03.21 06:48;1794
15.03.21 06:39;1792
15.03.21 06:29;1789
15.03.21 06:19;1793
15.03.21 06:09;1794
15.03.21 06:02;1796
15.03.21 05:59;1796
15.03.21 05:49;1792
15.03.21 05:43;1795
15.03.21 05:39;1795
15.03.21 05:33;1795
15.03.21 05:20;1792
15.03.21 05:10;1795
15.03.21 05:00;1796
15.03.21 04:50;1792
15.03.21 04:40;1791
15.03.21 04:30;1794
15.03.21 04:20;1795
15.03.21 04:11;1792
15.03.21 04:01;1789
15.03.21 03:51;1792
15.03.21 03:41;1794
15.03.21 03:31;1795
15.03.21 03:21;1793
15.03.21 03:11;1791
15.03.21 03:01;1793
15.03.21 02:52;1792
15.03.21 02:42;1793
15.03.21 02:32;1789
15.03.21 02:22;1797
15.03.21 02:12;1796
15.03.21 02:02;1792
15.03.21 01:52;1792
15.03.21 01:42;1791
15.03.21 01:33;1795
15.03.21 01:23;1795
15.03.21 01:13;1790
15.03.21 01:03;1795
15.03.21 00:53;1791
15.03.21 00:43;1791
15.03.21 00:33;1793
15.03.21 00:23;1795
15.03.21 00:14;1792
15.03.21 00:04;1793
14.03.21 23:54;1791
14.03.21 23:44;1796
14.03.21 23:34;1792
14.03.21 23:24;1790
14.03.21 23:14;1792
14.03.21 23:04;1791
14.03.21 22:55;1791
14.03.21 22:45;1796
14.03.21 22:35;1794
14.03.21 22:25;1793
14.03.21 22:15;1794
14.03.21 22:05;1790
14.03.21 21:55;1788
14.03.21 21:45;1795
14.03.21 21:36;1792
14.03.21 21:26;1791
14.03.21 21:16;1790
14.03.21 21:06;1791
14.03.21 20:56;1795
14.03.21 20:46;1795
14.03.21 20:36;1791
14.03.21 20:26;1791
14.03.21 20:16;1792
14.03.21 20:07;1792
14.03.21 19:57;1790
14.03.21 19:47;1794
14.03.21 19:37;1790
14.03.21 19:27;1793
14.03.21 19:17;1791
14.03.21 19:07;1790
14.03.21 18:57;1792
14.03.21 18:48;1793
14.03.21 18:38;1790
14.03.21 18:28;1789
14.03.21 18:18;1794
14.03.21 18:08;1792
14.03.21 17:58;1790
14.03.21 17:48;1793
14.03.21 17:38;1793
14.03.21 17:29;1794
14.03.21 17:19;1790
14.03.21 17:09;1794
14.03.21 16:59;1796
14.03.21 16:49;1795
14.03.21 16:39;1792
14.03.21 16:29;1792
14.03.21 16:19;1794
14.03.21 16:10;1795
14.03.21 16:00;1791
14.03.21 15:50;1796
14.03.21 15:40;1791
14.03.21 15:30;1788
14.03.21 15:20;1787
14.03.21 15:10;1790
14.03.21 15:01;1796
14.03.21 14:51;1796
14.03.21 14:41;1792
14.03.21 14:31;1787
14.03.21 14:21;1794
14.03.21 14:11;1789
14.03.21 14:01;1794
14.03.21 13:51;1789
14.03.21 13:42;1794
14.03.21 13:32;1794
14.03.21 13:22;1795
14.03.21 13:12;1797
14.03.21 13:02;1794
14.03.21 12:55;1795
14.03.21 12:52;1795
14.03.21 12:42;1789
14.03.21 12:32;1795
14.03.21 12:23;1792
14.03.21 12:13;1787
14.03.21 12:03;1789
14.03.21 11:53;1791
14.03.21 11:43;1794
14.03.21 11:33;1793
14.03.21 11:23;1791
14.03.21 11:14;1799
14.03.21 11:04;1796
14.03.21 10:54;1798
14.03.21 10:44;1790
14.03.21 10:34;1795
14.03.21 10:24;1795
14.03.21 10:14;1790
14.03.21 10:04;1789
14.03.21 09:55;1798
14.03.21 09:45;1797
14.03.21 09:35;1793
14.03.21 09:25;1793
14.03.21 09:15;1793
14.03.21 09:05;1794
14.03.21 08:55;1791
14.03.21 08:46;1793
14.03.21 08:36;1793
14.03.21 08:26;1794
14.03.21 08:16;1794
14.03.21 08:06;1791
14.03.21 07:56;1794
14.03.21 07:46;1782
14.03.21 07:36;1796
14.03.21 07:27;1795
14.03.21 07:17;1791
14.03.21 07:07;1788
14.03.21 06:57;1795
14.03.21 06:47;1789
14.03.21 06:37;1788
14.03.21 06:27;1793
14.03.21 06:18;1792
14.03.21 06:08;1793
14.03.21 05:58;1793
14.03.21 05:48;1791
14.03.21 05:38;1795
14.03.21 05:28;1796
14.03.21 05:18;1793
14.03.21 05:09;1792
14.03.21 04:59;1790
14.03.21 04:49;1791
14.03.21 04:39;1793
14.03.21 04:29;1790
14.03.21 04:19;1791
14.03.21 04:09;1792
14.03.21 04:00;1793
14.03.21 03:50;1795
14.03.21 03:40;1790
14.03.21 03:30;1793
14.03.21 03:20;1796
14.03.21 03:10;1796
14.03.21 03:00;1791
14.03.21 02:51;1794
14.03.21 02:41;1791
14.03.21 02:31;1788
14.03.21 02:21;1794
14.03.21 02:11;1791
14.03.21 02:01;1791
14.03.21 01:51;1790
14.03.21 01:41;1791
14.03.21 01:32;1789
14.03.21 01:22;1791
14.03.21 01:12;1788
14.03.21 01:02;1791
14.03.21 00:52;1790
14.03.21 00:42;1788
14.03.21 00:32;1790
14.03.21 00:23;1793
14.03.21 00:13;1794
14.03.21 00:03;1789
13.03.21 23:53;1791
13.03.21 23:43;1793
13.03.21 23:33;1794
13.03.21 23:23;1790
13.03.21 23:14;1792
13.03.21 23:04;1792
13.03.21 22:54;1792
13.03.21 22:44;1795
13.03.21 22:34;1791
13.03.21 22:24;1792
13.03.21 22:14;1791
13.03.21 22:05;1791
13.03.21 21:55;1793
13.03.21 21:45;1790
13.03.21 21:35;1791
13.03.21 21:25;1792
13.03.21 21:15;1794
13.03.21 21:05;1790
13.03.21 20:56;1791
13.03.21 20:46;1793
13.03.21 20:39;1791
13.03.21 20:36;1791
13.03.21 20:26;1785
13.03.21 20:16;1793
13.03.21 20:06;1796
13.03.21 19:56;1792
13.03.21 19:46;1794
13.03.21 19:37;1791
13.03.21 19:27;1792
13.03.21 19:17;1793
13.03.21 19:07;1791
13.03.21 18:57;1792
13.03.21 18:47;1792
13.03.21 18:37;1790
13.03.21 18:28;1788
13.03.21 18:18;1793
13.03.21 18:08;1787
13.03.21 17:58;1794
13.03.21 17:48;1787
13.03.21 17:38;1794
13.03.21 17:28;1792
13.03.21 17:19;1788
13.03.21 17:09;1797
13.03.21 16:59;1789
13.03.21 16:49;1789
13.03.21 16:39;1793
13.03.21 16:29;1793
13.03.21 16:19;1796
13.03.21 16:09;1796
13.03.21 16:00;1792
13.03.21 15:50;1786
13.03.21 15:40;1789
13.03.21 15:30;1789
13.03.21 15:20;1792
13.03.21 15:10;1795
13.03.21 15:00;1789
13.03.21 14:50;1798
13.03.21 14:44;1791
13.03.21 14:41;1791
13.03.21 14:31;1794
13.03.21 14:21;1793
13.03.21 14:11;1797
13.03.21 14:01;1797
13.03.21 13:51;1790
13.03.21 13:41;1792
13.03.21 13:32;1798
13.03.21 13:22;1793
13.03.21 13:12;1796
13.03.21 13:02;1791
13.03.21 12:52;1797
13.03.21 12:42;1791
13.03.21 12:32;1794
13.03.21 12:22;1799
13.03.21 12:13;1797
13.03.21 12:03;1797
13.03.21 11:53;1791
13.03.21 11:43;1786
13.03.21 11:33;1788
13.03.21 11:23;1791
13.03.21 11:13;1788
13.03.21 11:03;1795
13.03.21 10:54;1786
13.03.21 10:44;1788
13.03.21 10:34;1789
13.03.21 10:24;1798
13.03.21 10:14;1791
13.03.21 10:04;1792
13.03.21 09:54;1791
13.03.21 09:45;1789
13.03.21 09:35;1796
13.03.21 09:25;1797
13.03.21 09:15;1789
13.03.21 09:05;1794
13.03.21 08:55;1793
13.03.21 08:45;1793
13.03.21 08:35;1794
13.03.21 08:26;1793
13.03.21 08:16;1791
13.03.21 08:06;1792
13.03.21 07:56;1793
13.03.21 07:46;1794
13.03.21 07:36;1792
13.03.21 07:26;1790
13.03.21 07:16;1793
13.03.21 07:07;1789
13.03.21 06:57;1790
13.03.21 06:47;1792
13.03.21 06:37;1794
13.03.21 06:17;1794
13.03.21 06:07;1793
13.03.21 05:58;1792
13.03.21 05:48;1791
13.03.21 05:38;1789
13.03.21 05:28;1791
13.03.21 05:18;1793
13.03.21 05:08;1793
13.03.21 04:58;1791
13.03.21 04:49;1789
13.03.21 04:39;1793
13.03.21 04:29;1791
13.03.21 04:19;1788
13.03.21 04:09;1796
13.03.21 03:59;1789
13.03.21 03:49;1792
13.03.21 03:39;1794
13.03.21 03:30;1793
13.03.21 03:20;1792
13.03.21 03:10;1791
13.03.21 03:00;1794
13.03.21 02:50;1794
13.03.21 02:40;1793
13.03.21 02:30;1788
13.03.21 02:24;1796
13.03.21 02:21;1796
13.03.21 02:11;1795
13.03.21 02:01;1794
13.03.21 01:51;1789
13.03.21 01:41;1795
13.03.21 01:31;1793
13.03.21 01:21;1795
13.03.21 01:11;1798
13.03.21 01:02;1790
13.03.21 00:52;1791
13.03.21 00:42;1790
13.03.21 00:32;1794
13.03.21 00:22;1790
13.03.21 00:12;1788
13.03.21 00:02;1793
12.03.21 23:52;1791
12.03.21 23:43;1790
12.03.21 23:33;1792
12.03.21 23:23;1792
12.03.21 23:13;1794
12.03.21 23:03;1793
12.03.21 22:53;1794
12.03.21 22:43;1789
12.03.21 22:34;1791
12.03.21 22:24;1794
12.03.21 22:14;1792
12.03.21 22:04;1789
12.03.21 21:54;1792
12.03.21 21:44;1795
12.03.21 21:34;1792
12.03.21 21:24;1795
12.03.21 21:15;1793
12.03.21 21:05;1792
12.03.21 20:55;1795
12.03.21 20:45;1796
12.03.21 20:35;1792
12.03.21 20:25;1794
12.03.21 20:15;1788
12.03.21 20:05;1794
12.03.21 19:56;1796
12.03.21 19:46;1793
12.03.21 19:36;1792
12.03.21 19:26;1791
12.03.21 19:16;1791
12.03.21 19:06;1791
12.03.21 18:56;1789
12.03.21 18:46;1791
12.03.21 18:37;1791
12.03.21 18:27;1797
12.03.21 18:17;1790
12.03.21 18:07;1794
12.03.21 17:57;1791
12.03.21 17:47;1766
12.03.21 17:37;1736
12.03.21 17:27;1762
12.03.21 17:17;1744
12.03.21 17:07;1753
12.03.21 16:58;1709
12.03.21 16:48;1718
12.03.21 16:38;1735
12.03.21 16:28;1757
12.03.21 16:18;1744
12.03.21 16:08;1762
12.03.21 15:58;1778
12.03.21 15:48;1764
12.03.21 15:38;1766
12.03.21 15:28;1764
12.03.21 15:18;1774
12.03.21 15:09;1774
12.03.21 14:59;1767
12.03.21 14:52;1769
12.03.21 14:49;1769
12.03.21 14:39;1740
12.03.21 14:29;1770
12.03.21 14:19;1748
12.03.21 14:09;1772
12.03.21 13:59;1788
12.03.21 13:49;1775
12.03.21 13:39;1777
12.03.21 13:26;1782
12.03.21 13:22;1761
12.03.21 13:14;1810
12.03.21 13:07;1782
12.03.21 13:05;1782
12.03.21 12:54;1766
12.03.21 12:44;1791
12.03.21 12:34;1778
12.03.21 12:25;1780
12.03.21 12:15;1738
12.03.21 12:05;1767
12.03.21 11:55;1750
12.03.21 11:45;1737
12.03.21 11:35;1756
12.03.21 11:28;1750
12.03.21 11:28;301
12.03.21 11:26;200
12.03.21 11:25;400
12.03.21 11:25;500
12.03.21 11:25;1750
12.03.21 11:25;600
12.03.21 11:25;700
12.03.21 11:25;800
12.03.21 11:25;900
12.03.21 11:25;1000
12.03.21 11:25;1100
12.03.21 11:25;1200
12.03.21 11:15;1761
12.03.21 11:11;1761
12.03.21 10:55;1776
12.03.21 10:29;1775
12.03.21 10:00;402
12.03.21 09:57;1800
12.03.21 09:55;100
12.03.21 09:55;200
12.03.21 09:55;300
12.03.21 09:55;400
12.03.21 09:55;500
12.03.21 09:55;600
12.03.21 09:55;700
12.03.21 09:55;800
12.03.21 09:55;900
12.03.21 09:54;1000
12.03.21 09:54;1100
12.03.21 09:54;1200
12.03.21 09:54;1300
12.03.21 09:54;1200
12.03.21 09:54;1100
12.03.21 09:54;1000
12.03.21 09:53;900
12.03.21 09:53;800
12.03.21 09:53;700
12.03.21 09:53;600
12.03.21 09:53;500
12.03.21 09:53;400
12.03.21 09:53;300
12.03.21 09:53;200
12.03.21 09:53;100
12.03.21 09:43;1780
12.03.21 09:42;1789
12.03.21 09:39;1789
12.03.21 09:32;1775
12.03.21 09:19;1785
12.03.21 09:09;1781
12.03.21 08:59;1782
12.03.21 08:39;168
12.03.21 08:30;169
12.03.21 08:10;167
12.03.21 07:30;165
12.03.21 07:01;169
12.03.21 06:41;166
12.03.21 06:31;168
12.03.21 06:21;167
12.03.21 06:02;167
12.03.21 05:22;167
12.03.21 05:12;167
12.03.21 04:52;167
12.03.21 04:23;167
12.03.21 04:03;167
12.03.21 03:24;167
12.03.21 02:54;166
12.03.21 02:44;167
12.03.21 02:34;169
12.03.21 02:24;167
12.03.21 02:05;165
12.03.21 01:55;167
12.03.21 01:35;167
12.03.21 01:25;166
12.03.21 01:15;165
12.03.21 01:05;166
12.03.21 00:55;167
12.03.21 00:46;167
12.03.21 00:36;166
12.03.21 00:26;169
12.03.21 00:16;165
12.03.21 00:06;166
11.03.21 23:56;165
11.03.21 23:46;168
11.03.21 23:36;168
11.03.21 23:27;167
11.03.21 23:17;167
11.03.21 23:07;167
11.03.21 22:57;169
11.03.21 22:47;167
11.03.21 22:37;167
11.03.21 22:27;166
11.03.21 22:17;168
11.03.21 22:07;167
11.03.21 21:58;168
11.03.21 21:48;167
11.03.21 21:38;166
11.03.21 21:28;167
11.03.21 21:18;165
11.03.21 21:08;168
11.03.21 20:58;167
11.03.21 20:48;169
11.03.21 20:39;166
11.03.21 20:29;165
11.03.21 20:19;166
11.03.21 20:09;170
11.03.21 19:59;167
11.03.21 19:49;166
11.03.21 19:39;167
11.03.21 19:29;167
11.03.21 19:25;169
11.03.21 19:10;169
11.03.21 19:00;167
11.03.21 18:50;165
11.03.21 18:40;169
11.03.21 18:30;166
11.03.21 18:20;168
11.03.21 18:10;168
11.03.21 18:00;167
11.03.21 17:51;167
11.03.21 17:41;166
11.03.21 17:31;167
11.03.21 17:21;168
11.03.21 17:11;169
11.03.21 17:01;169
11.03.21 16:51;170
11.03.21 16:41;168
11.03.21 16:31;168
11.03.21 16:22;170
11.03.21 16:12;171
11.03.21 16:02;170
11.03.21 15:52;168
11.03.21 15:42;169
11.03.21 15:32;169
11.03.21 15:22;168
11.03.21 15:12;168
11.03.21 15:02;167
11.03.21 14:53;166
11.03.21 14:43;170
11.03.21 14:36;166
11.03.21 14:33;166
11.03.21 14:26;170
11.03.21 14:23;170
11.03.21 14:13;169
11.03.21 14:03;169
11.03.21 13:53;171
11.03.21 13:43;167
11.03.21 13:34;171
11.03.21 13:24;171
11.03.21 13:14;168
11.03.21 13:04;172
11.03.21 12:54;171
11.03.21 12:44;174
11.03.21 12:34;173
11.03.21 12:24;172
11.03.21 12:15;173
11.03.21 12:05;175
11.03.21 11:55;174
11.03.21 11:45;173
11.03.21 11:35;172
11.03.21 11:25;174
11.03.21 11:15;175
11.03.21 11:05;171
11.03.21 10:56;173
11.03.21 10:46;172
11.03.21 10:36;172
11.03.21 10:29;173
11.03.21 10:26;173
11.03.21 10:16;174
11.03.21 10:06;172
11.03.21 09:56;171
11.03.21 09:46;173
11.03.21 09:37;172
11.03.21 09:27;170
11.03.21 09:17;144
11.03.21 09:07;146
11.03.21 08:57;147
11.03.21 08:47;143
11.03.21 08:37;148
11.03.21 08:27;147
11.03.21 08:18;147
11.03.21 08:08;145
11.03.21 07:58;146
11.03.21 07:48;148
11.03.21 07:38;147
11.03.21 07:28;146
11.03.21 07:18;146
11.03.21 07:08;147
11.03.21 06:59;148
11.03.21 06:49;146
11.03.21 06:39;148
11.03.21 06:29;150
11.03.21 06:19;148
11.03.21 06:09;147
11.03.21 05:59;147
11.03.21 05:49;146
11.03.21 05:40;149
11.03.21 05:30;146
11.03.21 05:20;148
11.03.21 05:10;147
11.03.21 05:00;146
11.03.21 04:50;147
11.03.21 04:40;147
11.03.21 04:31;148
11.03.21 04:21;147
11.03.21 04:11;147
11.03.21 04:01;146
11.03.21 03:51;145
11.03.21 03:41;147
11.03.21 03:31;147
11.03.21 03:21;145
11.03.21 03:12;145
11.03.21 03:02;147
11.03.21 02:52;145
11.03.21 02:42;147
11.03.21 02:32;144
11.03.21 02:22;145
11.03.21 02:12;145
11.03.21 02:02;145
11.03.21 01:53;144
11.03.21 01:43;149
11.03.21 01:33;147
11.03.21 01:23;147
11.03.21 01:13;146
11.03.21 01:03;147
11.03.21 00:53;146
11.03.21 00:43;145
11.03.21 00:34;148
11.03.21 00:24;150
11.03.21 00:14;146
11.03.21 00:04;146
10.03.21 23:54;149
10.03.21 23:44;148
10.03.21 23:34;148
10.03.21 23:24;146
10.03.21 23:15;147
10.03.21 23:05;146
10.03.21 22:55;145
10.03.21 22:45;146
10.03.21 22:35;144
10.03.21 22:25;144
10.03.21 22:15;146
10.03.21 22:05;147
10.03.21 21:56;145
10.03.21 21:46;147
10.03.21 21:36;145
10.03.21 21:26;146
10.03.21 21:16;146
10.03.21 21:06;145
10.03.21 20:56;145
10.03.21 20:50;145
10.03.21 20:46;145
10.03.21 20:46;147
10.03.21 20:42;147
10.03.21 20:32;147
10.03.21 20:23;147
10.03.21 20:13;145
10.03.21 20:03;145
10.03.21 19:53;147
10.03.21 19:43;147
10.03.21 19:33;145
10.03.21 19:23;146
10.03.21 19:13;148
10.03.21 19:04;148
10.03.21 18:57;147
10.03.21 18:54;147
10.03.21 18:44;146
10.03.21 18:34;149
10.03.21 18:24;145
10.03.21 18:14;148
10.03.21 18:04;148
10.03.21 17:54;147
10.03.21 17:45;146
10.03.21 17:35;145
10.03.21 17:25;147
10.03.21 17:15;147
10.03.21 17:05;149
10.03.21 16:55;149
10.03.21 16:45;149
10.03.21 16:35;147
10.03.21 16:25;147
10.03.21 16:16;146
10.03.21 16:06;145
10.03.21 15:56;147
10.03.21 15:46;165
10.03.21 15:36;165
10.03.21 15:26;163
10.03.21 15:16;165
10.03.21 14:56;168
10.03.21 14:47;168
10.03.21 14:37;166
10.03.21 14:27;165
10.03.21 14:17;165
10.03.21 14:07;166
10.03.21 13:57;167
10.03.21 13:47;165
10.03.21 13:37;169
10.03.21 13:28;167
10.03.21 13:18;168
10.03.21 13:08;167
10.03.21 12:58;166
10.03.21 12:48;166
10.03.21 12:38;166
10.03.21 12:28;165
10.03.21 12:18;166
10.03.21 12:09;165
10.03.21 11:59;166
10.03.21 11:49;168
10.03.21 11:39;167
10.03.21 11:29;166
10.03.21 11:19;164
10.03.21 11:09;167
10.03.21 10:59;169
10.03.21 10:49;166
10.03.21 10:40;168
10.03.21 10:30;167
10.03.21 10:20;169
10.03.21 10:10;168
10.03.21 10:00;166
10.03.21 09:50;165
10.03.21 09:40;165
10.03.21 09:30;167
10.03.21 09:21;166
10.03.21 09:11;167
10.03.21 09:01;165
10.03.21 08:51;166
10.03.21 08:41;834
10.03.21 08:31;833
10.03.21 08:21;841
10.03.21 08:11;840
10.03.21 08:02;842
10.03.21 07:52;834
10.03.21 07:42;835
10.03.21 07:32;832
10.03.21 07:22;835
10.03.21 07:12;831
10.03.21 07:02;836
10.03.21 06:52;842
10.03.21 06:43;841
10.03.21 06:33;840
10.03.21 06:23;836
10.03.21 06:13;841
10.03.21 06:03;834
10.03.21 05:53;839
10.03.21 05:43;841
10.03.21 05:34;840
10.03.21 05:24;842
10.03.21 05:14;836
10.03.21 05:04;838
10.03.21 04:54;839
10.03.21 04:44;838
10.03.21 04:34;838
10.03.21 04:24;835
10.03.21 04:15;841
10.03.21 04:05;840
10.03.21 03:55;839
10.03.21 03:45;842
10.03.21 03:35;839
10.03.21 03:25;834
10.03.21 03:15;840
10.03.21 03:06;836
10.03.21 02:56;840
10.03.21 02:46;834
10.03.21 02:36;838
10.03.21 02:26;834
10.03.21 02:16;840
10.03.21 02:06;837
10.03.21 01:56;835
10.03.21 01:47;838
10.03.21 01:37;837
10.03.21 01:27;835
10.03.21 01:17;841
10.03.21 01:07;839
10.03.21 00:57;837
10.03.21 00:47;835
10.03.21 00:37;837
10.03.21 00:28;838
10.03.21 00:18;835
10.03.21 00:08;840
09.03.21 23:58;837
09.03.21 23:48;838
09.03.21 23:38;837
09.03.21 23:28;836
09.03.21 23:18;839
09.03.21 23:09;840
09.03.21 22:59;837
09.03.21 22:49;839
09.03.21 22:39;837
09.03.21 22:29;833
09.03.21 22:19;831
09.03.21 22:09;835
09.03.21 21:59;840
09.03.21 21:50;838
09.03.21 21:40;834
09.03.21 21:30;833
09.03.21 21:20;840
09.03.21 21:10;840
09.03.21 21:00;841
09.03.21 20:50;839
09.03.21 20:40;838
09.03.21 20:30;834
09.03.21 20:21;836
09.03.21 20:11;839
09.03.21 20:01;835
09.03.21 19:51;831
09.03.21 19:41;836
09.03.21 19:31;835
09.03.21 19:21;837
09.03.21 19:12;838
09.03.21 19:02;841
09.03.21 18:52;838
09.03.21 18:42;835
09.03.21 18:32;834
09.03.21 18:22;831
09.03.21 18:12;834
09.03.21 18:02;836
09.03.21 17:53;834
09.03.21 17:43;832
09.03.21 17:33;838
09.03.21 17:23;832
09.03.21 17:13;831
09.03.21 17:03;833
09.03.21 17:01;846
09.03.21 16:51;263
09.03.21 16:43;239
09.03.21 16:13;294
09.03.21 16:02;294
09.03.21 15:52;316
09.03.21 15:50;210
09.03.21 15:46;1807
09.03.21 15:36;1783
09.03.21 15:26;1791
09.03.21 15:19;1781
09.03.21 15:16;1781
09.03.21 15:10;1801
09.03.21 15:06;1801
09.03.21 15:06;1789
09.03.21 15:03;1789
09.03.21 14:56;1790
09.03.21 11:05;1791
09.03.21 11:01;1786
08.03.21 18:44;1788
08.03.21 18:13;1790
08.03.21 18:06;1795
08.03.21 18:03;1795
08.03.21 17:53;1790
08.03.21 17:44;1790
08.03.21 17:34;1782
08.03.21 17:24;1792
08.03.21 17:14;1787
08.03.21 17:04;1786
08.03.21 16:54;1803
08.03.21 16:44;1799
08.03.21 16:34;1786
08.03.21 16:24;1777
08.03.21 16:15;1802
08.03.21 16:08;1797
08.03.21 16:05;1797
08.03.21 15:55;1817
08.03.21 15:45;1785
08.03.21 15:35;1789
08.03.21 15:25;1780
08.03.21 15:18;1788
08.03.21 15:14;1801
08.03.21 15:11;1801
08.03.21 15:01;1793
08.03.21 14:51;1780
08.03.21 14:41;1782
08.03.21 14:31;1809
08.03.21 14:30;1815
08.03.21 14:27;1815
08.03.21 14:17;1803
08.03.21 14:07;1810
08.03.21 14:01;1780
08.03.21 13:58;1780
08.03.21 13:57;1818
08.03.21 13:53;1818
08.03.21 13:44;1798
08.03.21 13:34;1798
08.03.21 13:24;1791
08.03.21 13:14;1789
08.03.21 13:04;1795
08.03.21 12:54;1782
08.03.21 12:44;1793
08.03.21 12:44;1794
08.03.21 12:40;1794
08.03.21 12:30;1795
08.03.21 12:21;1804
08.03.21 12:11;1791
08.03.21 12:04;1789
08.03.21 12:01;1789
08.03.21 11:51;1795
08.03.21 11:41;1794
08.03.21 11:31;1794
08.03.21 11:21;1786
08.03.21 11:11;1795
08.03.21 11:02;1795
08.03.21 10:55;1805
08.03.21 10:52;1805
08.03.21 10:42;1795
08.03.21 10:32;1796
08.03.21 10:31;1788
08.03.21 10:28;1788
08.03.21 10:18;1791
08.03.21 10:08;1803
08.03.21 10:02;1792
08.03.21 09:58;1792
08.03.21 09:48;1799
08.03.21 09:42;1785
08.03.21 09:35;1791
08.03.21 09:34;1797
08.03.21 09:31;1797
08.03.21 09:30;1793
08.03.21 09:27;1793
08.03.21 09:26;1790
08.03.21 09:22;1790
08.03.21 09:16;1789
08.03.21 09:12;1789
08.03.21 09:02;1792
08.03.21 08:53;1792
08.03.21 08:43;1792
08.03.21 08:33;1791
08.03.21 08:23;1789
08.03.21 08:13;1794
08.03.21 08:03;1794
08.03.21 07:53;1789
08.03.21 07:44;1794
08.03.21 07:34;1800
08.03.21 07:24;1794
08.03.21 07:14;1792
08.03.21 07:04;1790
08.03.21 06:54;1795
08.03.21 06:44;1796
08.03.21 06:34;1791
08.03.21 06:25;1795
08.03.21 06:15;1792
08.03.21 06:05;1793
08.03.21 05:55;1793
08.03.21 05:45;1795
08.03.21 05:35;1795
08.03.21 05:25;1792
08.03.21 05:16;1792
08.03.21 05:06;1791
08.03.21 04:56;1794
08.03.21 04:46;1796
08.03.21 04:36;1791
08.03.21 04:26;1789
08.03.21 04:16;1796
08.03.21 04:07;1792
08.03.21 03:57;1797
08.03.21 03:47;1793
08.03.21 03:37;1793
08.03.21 03:27;1792
08.03.21 03:17;1789
08.03.21 03:07;1791
08.03.21 02:57;1792
08.03.21 02:48;1789
08.03.21 02:38;1798
08.03.21 02:28;1794
08.03.21 02:18;1796
08.03.21 02:08;1793
08.03.21 01:58;1789
08.03.21 01:48;1787
08.03.21 01:39;1796
08.03.21 01:29;1794
08.03.21 01:19;1794
08.03.21 01:09;1795
08.03.21 00:59;1793
08.03.21 00:49;1794
08.03.21 00:39;1788
08.03.21 00:29;1793
08.03.21 00:20;1797
08.03.21 00:13;1795
08.03.21 00:10;1795
08.03.21 00:00;1794
07.03.21 23:50;1795
07.03.21 23:40;1796
07.03.21 23:30;1792
07.03.21 23:20;1794
07.03.21 23:10;1795
07.03.21 23:01;1792
07.03.21 22:51;1792
07.03.21 22:41;1794
07.03.21 22:31;1789
07.03.21 22:21;1793
07.03.21 22:14;1788
07.03.21 22:11;1788
07.03.21 22:01;1789
07.03.21 21:52;1792
07.03.21 21:42;1793
07.03.21 21:32;1793
07.03.21 21:22;1790
07.03.21 21:12;1789
07.03.21 21:05;1792
07.03.21 21:02;1792
07.03.21 20:52;1798
07.03.21 20:42;1791
07.03.21 20:33;1791
07.03.21 20:23;1792
07.03.21 20:13;1791
07.03.21 20:03;1794
07.03.21 19:53;1796
07.03.21 19:43;1793
07.03.21 19:33;1793
07.03.21 19:23;1791
07.03.21 19:14;1792
07.03.21 19:04;1792
07.03.21 18:54;1793
07.03.21 18:44;1793
07.03.21 18:34;1795
07.03.21 18:24;1791
07.03.21 18:14;1794
07.03.21 18:04;1794
07.03.21 17:55;1795
07.03.21 17:48;1794
07.03.21 17:45;1794
07.03.21 17:35;1791
07.03.21 17:25;1793
07.03.21 17:18;1796
07.03.21 17:11;1789
07.03.21 17:10;1803
07.03.21 17:07;1803
07.03.21 17:06;1792
07.03.21 17:03;1792
07.03.21 16:55;1791
07.03.21 16:49;1793
07.03.21 16:38;1794
07.03.21 16:29;1788
07.03.21 16:19;1793
07.03.21 16:09;1787
07.03.21 15:59;1792
07.03.21 15:52;1795
07.03.21 15:39;1791
07.03.21 15:29;1788
07.03.21 15:20;1817
07.03.21 15:10;1791
07.03.21 15:00;1796
07.03.21 14:50;1799
07.03.21 14:43;1798
07.03.21 14:36;1780
07.03.21 14:26;1788
07.03.21 14:16;1806
07.03.21 14:10;1798
07.03.21 14:07;1798
07.03.21 14:00;1796
07.03.21 13:57;1796
07.03.21 13:52;1789
07.03.21 13:51;1799
07.03.21 13:49;1799
07.03.21 13:38;1789
07.03.21 13:31;1803
07.03.21 13:29;1803
07.03.21 13:18;1791
07.03.21 13:12;1804
07.03.21 13:09;1804
07.03.21 13:02;1795
07.03.21 12:59;1795
07.03.21 12:49;1795
07.03.21 12:39;1782
07.03.21 12:29;1783
07.03.21 12:19;1790
07.03.21 12:09;1786
07.03.21 11:59;1790
07.03.21 11:50;1799
07.03.21 11:40;1791
07.03.21 11:30;1804
07.03.21 11:20;1795
07.03.21 11:10;1799
07.03.21 11:00;1800
07.03.21 10:50;1800
07.03.21 10:41;1792
07.03.21 10:31;1798
07.03.21 10:21;1791
07.03.21 10:11;1799
07.03.21 10:01;1792
07.03.21 09:51;1792
07.03.21 09:41;1797
07.03.21 09:31;1785
07.03.21 09:22;1791
07.03.21 09:12;1795
07.03.21 09:05;1793
07.03.21 09:02;1793
07.03.21 08:52;1788
07.03.21 08:42;1795
07.03.21 08:36;1797
07.03.21 08:32;1797
07.03.21 08:22;1793
07.03.21 08:13;1797
07.03.21 08:03;1793
07.03.21 07:53;1792
07.03.21 07:43;1790
07.03.21 07:33;1787
07.03.21 07:26;1791
07.03.21 07:23;1791
07.03.21 07:17;1795
07.03.21 07:14;1795
07.03.21 07:04;1794
07.03.21 06:57;1791
07.03.21 06:54;1791
07.03.21 06:44;1789
07.03.21 06:37;1792
07.03.21 06:34;1792
07.03.21 06:33;1788
07.03.21 06:30;1788
07.03.21 06:20;1794
07.03.21 06:19;1792
07.03.21 06:16;1792
07.03.21 06:09;1791
07.03.21 06:06;1791
07.03.21 05:56;1793
07.03.21 05:46;1787
07.03.21 05:46;1791
07.03.21 05:43;1791
07.03.21 05:33;1794
07.03.21 05:26;1791
07.03.21 05:23;1791
07.03.21 05:22;1791
07.03.21 05:19;1791
07.03.21 05:18;1794
07.03.21 05:15;1794
07.03.21 05:08;1792
07.03.21 05:05;1792
07.03.21 04:55;1792
07.03.21 04:45;1796
07.03.21 04:35;1793
07.03.21 04:28;1790
07.03.21 04:21;1793
07.03.21 04:11;1792
07.03.21 04:05;1793
07.03.21 04:02;1793
07.03.21 03:52;1790
07.03.21 03:42;1794
07.03.21 03:32;1790
07.03.21 03:31;1790
07.03.21 03:28;1790
07.03.21 03:27;1791
07.03.21 03:24;1791
07.03.21 03:23;1790
07.03.21 03:20;1790
07.03.21 03:13;1791
07.03.21 03:10;1791
07.03.21 03:03;1790
07.03.21 02:56;1792
07.03.21 02:49;1794
07.03.21 02:46;1794
07.03.21 02:36;1796
07.03.21 02:29;1793
07.03.21 02:22;1793
07.03.21 02:12;1789
07.03.21 02:11;1792
07.03.21 02:08;1792
07.03.21 02:07;1794
07.03.21 02:04;1794
07.03.21 01:54;1795
07.03.21 01:44;1791
07.03.21 01:37;1789
07.03.21 01:34;1789
07.03.21 01:33;1790
07.03.21 01:30;1790
07.03.21 01:23;1793
07.03.21 01:16;1792
07.03.21 01:06;1790
07.03.21 00:59;1791
07.03.21 00:56;1791
07.03.21 00:49;1795
07.03.21 00:43;1799
07.03.21 00:40;1799
07.03.21 00:30;1790
07.03.21 00:20;1792
07.03.21 00:10;1793
07.03.21 00:01;1793
06.03.21 23:51;1792
06.03.21 23:41;1789
06.03.21 23:31;1794
06.03.21 23:21;1789
06.03.21 23:11;1794
06.03.21 23:01;1797
06.03.21 22:55;1793
06.03.21 22:52;1793
06.03.21 22:42;1790
06.03.21 22:32;1793
06.03.21 22:22;1795
06.03.21 22:12;1790
06.03.21 22:02;1790
06.03.21 21:52;1793
06.03.21 21:42;1787
06.03.21 21:33;1792
06.03.21 21:23;1792
06.03.21 21:13;1795
06.03.21 21:06;1793
06.03.21 21:03;1793
06.03.21 20:53;1786
06.03.21 20:43;1790
06.03.21 20:33;1790
06.03.21 20:23;1797
06.03.21 20:14;1793
06.03.21 20:04;1790
06.03.21 19:54;1792
06.03.21 19:44;1791
06.03.21 19:34;1791
06.03.21 19:24;1791
06.03.21 19:14;1795
06.03.21 19:05;1793
06.03.21 18:55;1789
06.03.21 18:45;1790
06.03.21 18:35;1790
06.03.21 18:25;1790
06.03.21 18:15;1792
06.03.21 18:05;1789
06.03.21 17:55;1794
06.03.21 17:46;1792
06.03.21 17:45;1792
06.03.21 17:42;1792
06.03.21 17:32;1805
06.03.21 17:22;1794
06.03.21 17:12;1795
06.03.21 17:02;1771
06.03.21 16:52;1786
06.03.21 16:42;1804
06.03.21 16:32;1804
06.03.21 16:23;1798
06.03.21 16:13;1766
06.03.21 16:03;1811
06.03.21 15:53;1802
06.03.21 15:43;1778
06.03.21 15:33;1816
06.03.21 15:23;1781
06.03.21 15:14;1803
06.03.21 15:04;1788
06.03.21 14:54;1783
06.03.21 14:44;1779
06.03.21 14:34;1782
06.03.21 14:24;1826
06.03.21 14:14;1783
06.03.21 14:04;1775
06.03.21 13:55;1794
06.03.21 13:45;1800
06.03.21 13:35;1803
06.03.21 13:25;1787
06.03.21 13:15;1799
06.03.21 13:05;1792
06.03.21 12:55;1797
06.03.21 12:49;1788
06.03.21 12:46;1788
06.03.21 12:36;1790
06.03.21 12:26;1803
06.03.21 12:16;1795
06.03.21 12:06;1789
06.03.21 11:56;1791
06.03.21 11:46;1788
06.03.21 11:37;1805
06.03.21 11:27;1807
06.03.21 11:17;1800
06.03.21 11:07;1796
06.03.21 10:57;1789
06.03.21 10:47;1791
06.03.21 10:37;1788
06.03.21 10:27;1792
06.03.21 10:18;1791
06.03.21 10:08;1795
06.03.21 09:58;1788
06.03.21 09:48;1782
06.03.21 09:41;1792
06.03.21 09:38;1792
06.03.21 09:28;1787
06.03.21 09:18;1791
06.03.21 09:09;1786
06.03.21 08:59;1791
06.03.21 08:58;1784
06.03.21 08:55;1784
06.03.21 08:45;1789
06.03.21 08:35;1791
06.03.21 08:25;1795
06.03.21 08:18;1792
06.03.21 08:15;1792
06.03.21 08:09;1789
06.03.21 08:06;1789
06.03.21 07:55;1792
06.03.21 07:49;1792
06.03.21 07:46;1792
06.03.21 07:36;1794
06.03.21 07:26;1795
06.03.21 07:16;1791
06.03.21 07:06;1790
06.03.21 06:56;1793
06.03.21 06:46;1795
06.03.21 06:37;1795
06.03.21 06:27;1793
06.03.21 06:17;1789
06.03.21 06:07;1792
06.03.21 05:57;1794
06.03.21 05:47;1790
06.03.21 05:37;1791
06.03.21 05:28;1790
06.03.21 05:18;1793
06.03.21 05:08;1793
06.03.21 04:58;1789
06.03.21 04:48;1790
06.03.21 04:38;1795
06.03.21 04:28;1787
06.03.21 04:18;1791
06.03.21 04:09;1792
06.03.21 03:59;1793
06.03.21 03:49;1790
06.03.21 03:39;1796
06.03.21 03:29;1795
06.03.21 03:19;1792
06.03.21 03:09;1791
06.03.21 03:00;1796
06.03.21 02:50;1793
06.03.21 02:40;1791
06.03.21 02:30;1792
06.03.21 02:20;1790
06.03.21 02:10;1789
06.03.21 02:00;1793
06.03.21 01:50;1794
06.03.21 01:41;1795
06.03.21 01:31;1791
06.03.21 01:21;1792
06.03.21 01:11;1791
06.03.21 01:01;1792
06.03.21 00:51;1794
06.03.21 00:41;1795
06.03.21 00:31;1794
06.03.21 00:22;1795
06.03.21 00:12;1794
06.03.21 00:02;1793
05.03.21 23:52;1788
05.03.21 23:45;1793
05.03.21 23:42;1793
05.03.21 23:32;1789
05.03.21 23:22;1795
05.03.21 23:12;1789
05.03.21 23:06;1797
05.03.21 23:03;1797
05.03.21 22:53;1791
05.03.21 22:43;1790
05.03.21 22:33;1794
05.03.21 22:23;1788
05.03.21 22:13;1793
05.03.21 22:03;1791
05.03.21 21:53;1793
05.03.21 21:44;1793
05.03.21 21:34;1790
05.03.21 21:24;1795
05.03.21 21:14;1795
05.03.21 21:04;1791
05.03.21 20:54;1791
05.03.21 20:44;1789
05.03.21 20:34;1792
05.03.21 20:28;1793
05.03.21 20:25;1793
05.03.21 20:15;1794
05.03.21 20:05;1794
05.03.21 19:55;1793
05.03.21 19:48;1792
05.03.21 19:45;1792
05.03.21 19:35;1791
05.03.21 19:28;1791
05.03.21 19:25;1791
05.03.21 19:15;1791
05.03.21 19:05;1793
05.03.21 18:56;1793
05.03.21 18:46;1795
05.03.21 18:36;1795
05.03.21 18:26;1794
05.03.21 18:19;1793
05.03.21 18:16;1793
05.03.21 18:06;1791
05.03.21 17:56;1794
05.03.21 17:46;1797
05.03.21 17:37;1794
05.03.21 17:27;1794
05.03.21 17:17;1796
05.03.21 17:07;1790
05.03.21 17:00;1790
05.03.21 16:57;1790
05.03.21 16:50;1792
05.03.21 16:47;1792
05.03.21 16:41;1793
05.03.21 16:37;1793
05.03.21 16:31;1791
05.03.21 16:23;1793
05.03.21 16:22;1793
05.03.21 16:14;1789
05.03.21 16:08;1792
05.03.21 16:05;1792
05.03.21 15:58;1797
05.03.21 15:55;1797
05.03.21 15:48;1793
05.03.21 15:45;1793
05.03.21 15:35;1788
05.03.21 15:25;1788
05.03.21 15:15;1788
05.03.21 15:05;1797
05.03.21 14:58;1789
05.03.21 14:56;1789
05.03.21 14:45;1792
05.03.21 14:44;1796
05.03.21 14:41;1796
05.03.21 14:40;1795
05.03.21 14:37;1795
05.03.21 14:27;1794
05.03.21 14:17;1792
05.03.21 14:16;1793
05.03.21 14:13;1793
05.03.21 14:06;1791
05.03.21 13:58;1796
05.03.21 13:52;1799
05.03.21 13:44;1792
05.03.21 13:38;1794
05.03.21 13:30;1790
05.03.21 13:20;1788
05.03.21 13:11;1790
05.03.21 13:01;1793
05.03.21 12:54;1800
05.03.21 12:51;1800
05.03.21 12:41;1791
05.03.21 12:40;1800
05.03.21 12:37;1800
05.03.21 12:35;1795
05.03.21 12:32;1795
05.03.21 12:22;1796
05.03.21 12:12;1789
05.03.21 12:02;1791
05.03.21 11:55;1794
05.03.21 11:51;1791
05.03.21 11:44;1789
05.03.21 11:34;1791
05.03.21 11:24;1797
05.03.21 11:17;1797
05.03.21 11:13;1789
05.03.21 11:05;1792
05.03.21 11:01;1792
05.03.21 11:00;1792
05.03.21 10:57;1792
05.03.21 10:47;1793
05.03.21 10:37;1793
05.03.21 10:28;1788
05.03.21 10:21;1793
05.03.21 10:18;1793
05.03.21 10:08;1792
05.03.21 09:58;1796
05.03.21 09:48;1799
05.03.21 09:41;1794
05.03.21 09:38;1794
05.03.21 09:37;1789
05.03.21 09:34;1789
05.03.21 09:24;1790
05.03.21 09:14;1795
05.03.21 09:08;1794
05.03.21 09:05;1794
05.03.21 08:55;1790
05.03.21 08:48;1793
05.03.21 08:45;1793
05.03.21 08:44;1791
05.03.21 08:41;1791
05.03.21 08:40;1795
05.03.21 08:37;1795
05.03.21 08:27;1794
05.03.21 08:17;1796
05.03.21 08:07;1793
05.03.21 08:00;1793
05.03.21 07:57;1793
05.03.21 07:47;1786
05.03.21 07:37;1790
05.03.21 07:28;1790
05.03.21 07:18;1793
05.03.21 07:11;1790
05.03.21 07:08;1790
05.03.21 06:58;1793
05.03.21 06:48;1789
05.03.21 06:38;1796
05.03.21 06:28;1791
05.03.21 06:18;1796
05.03.21 06:09;1790
05.03.21 05:59;1793
05.03.21 05:49;1792
05.03.21 05:39;1787
05.03.21 05:29;1789
05.03.21 05:19;1792
05.03.21 05:09;1794
05.03.21 04:59;1792
05.03.21 04:50;1788
05.03.21 04:40;1791
05.03.21 04:30;1796
05.03.21 04:20;1795
05.03.21 04:10;1793
05.03.21 04:00;1794
05.03.21 03:50;1792
05.03.21 03:41;1791
05.03.21 03:31;1792
05.03.21 03:21;1793
05.03.21 03:11;1793
05.03.21 03:01;1790
05.03.21 02:51;1794
05.03.21 02:41;1795
05.03.21 02:31;1790
05.03.21 02:21;1794
05.03.21 02:12;1798
05.03.21 02:02;1788
05.03.21 01:52;1792
05.03.21 01:42;1791
05.03.21 01:32;1791
05.03.21 01:25;1791
05.03.21 01:22;1791
05.03.21 01:12;1794
05.03.21 01:02;1793
05.03.21 00:53;1795
05.03.21 00:43;1793
05.03.21 00:33;1793
05.03.21 00:23;1790
05.03.21 00:13;1794
05.03.21 00:03;1796
04.03.21 23:57;1796
04.03.21 23:54;1796
04.03.21 23:43;1791
04.03.21 23:34;1789
04.03.21 23:24;1791
04.03.21 23:14;1794
04.03.21 23:04;1797
04.03.21 22:54;1788
04.03.21 22:44;1788
04.03.21 22:34;1790
04.03.21 22:24;1793
04.03.21 22:15;1792
04.03.21 22:05;1790
04.03.21 21:55;1793
04.03.21 21:45;1793
04.03.21 21:35;1792
04.03.21 21:25;1791
04.03.21 21:15;1792
04.03.21 21:05;1790
04.03.21 20:56;1791
04.03.21 20:46;1788
04.03.21 20:36;1791
04.03.21 20:26;1792
04.03.21 20:16;1789
04.03.21 20:06;1786
04.03.21 19:56;1788
04.03.21 19:46;1793
04.03.21 19:37;1794
04.03.21 19:27;1791
04.03.21 19:17;1789
04.03.21 19:07;1789
04.03.21 18:57;1793
04.03.21 18:47;1790
04.03.21 18:37;1789
04.03.21 18:27;1792
04.03.21 18:21;1793
04.03.21 18:18;1793
04.03.21 18:08;1792
04.03.21 17:58;1788
04.03.21 17:48;1793
04.03.21 17:38;1790
04.03.21 17:28;1792
04.03.21 17:18;1796
04.03.21 17:11;1788
04.03.21 16:31;1785
04.03.21 16:21;1785
04.03.21 16:11;1796
04.03.21 16:01;1792
04.03.21 15:51;1795
04.03.21 15:41;1789
04.03.21 15:31;1795
04.03.21 15:22;1786
04.03.21 15:12;1785
04.03.21 15:02;1786
04.03.21 14:52;1792
04.03.21 14:42;1790
04.03.21 14:32;1790
04.03.21 14:22;1791
04.03.21 14:12;1790
04.03.21 14:03;1794
04.03.21 13:53;1789
04.03.21 13:43;1782
04.03.21 13:33;1786
04.03.21 13:23;1805
04.03.21 13:13;1789
04.03.21 13:03;1793
04.03.21 12:53;1785
04.03.21 12:43;1794
04.03.21 12:34;1788
04.03.21 12:24;1794
04.03.21 12:14;1800
04.03.21 12:04;1793
04.03.21 11:54;1784
04.03.21 11:44;1790
04.03.21 11:34;1794
04.03.21 11:24;1792
04.03.21 11:15;1788
04.03.21 11:05;1790
04.03.21 10:55;1794
04.03.21 10:45;1794
04.03.21 10:35;1793
04.03.21 10:25;1788
04.03.21 10:19;1796
04.03.21 10:15;1796
04.03.21 10:05;1791
04.03.21 09:56;1796
04.03.21 09:46;1791
04.03.21 09:36;1792
04.03.21 09:26;1790
04.03.21 09:16;1798
04.03.21 09:06;1790
04.03.21 08:56;1795
04.03.21 08:46;1791
04.03.21 08:37;1792
04.03.21 08:27;1784
04.03.21 08:17;1791
04.03.21 08:07;1790
04.03.21 07:57;1792
04.03.21 07:47;1790
04.03.21 07:37;1791
04.03.21 07:28;1793
04.03.21 06:58;1792
04.03.21 06:48;1798
04.03.21 06:38;1792
04.03.21 06:28;1792
04.03.21 06:18;1788
04.03.21 06:09;1787
04.03.21 05:59;1793
04.03.21 05:49;1794
04.03.21 05:39;1790
04.03.21 05:29;1788
04.03.21 05:19;1791
04.03.21 05:09;1791
04.03.21 04:59;1794
04.03.21 04:50;1790
04.03.21 04:40;1791
04.03.21 04:30;1793
04.03.21 04:20;1790
04.03.21 04:00;1795
04.03.21 03:50;1790
04.03.21 03:40;1789
04.03.21 03:35;1789
04.03.21 03:11;1788
04.03.21 03:01;1792
04.03.21 02:51;1794
04.03.21 02:41;1793
04.03.21 02:31;1791
04.03.21 02:21;1789
04.03.21 02:12;1794
04.03.21 02:02;1789
04.03.21 01:52;1791
04.03.21 01:42;1792
04.03.21 01:32;1789
04.03.21 01:22;1792
04.03.21 01:12;1794
04.03.21 01:02;1794
04.03.21 00:53;1790
04.03.21 00:43;1785
04.03.21 00:33;1793
04.03.21 00:23;1788
04.03.21 00:13;1793
04.03.21 00:03;1793
03.03.21 23:53;1790
03.03.21 23:43;1787
03.03.21 23:34;1788
03.03.21 23:24;1792
03.03.21 23:14;1792
03.03.21 23:04;1788
03.03.21 22:54;1794
03.03.21 22:44;1796
03.03.21 22:34;1791
03.03.21 22:24;1790
03.03.21 22:14;1795
03.03.21 22:05;1797
03.03.21 21:55;1791
03.03.21 21:45;1790
03.03.21 21:35;1793
03.03.21 21:25;1790
03.03.21 21:15;1788
03.03.21 21:05;1795
03.03.21 20:55;1793
03.03.21 20:46;1790
03.03.21 20:36;1794
03.03.21 20:26;1791
03.03.21 20:16;1792
03.03.21 20:06;1790
03.03.21 19:56;1790
03.03.21 19:46;1789
03.03.21 19:36;1790
03.03.21 19:26;1791
03.03.21 19:17;1792
03.03.21 19:07;1792
03.03.21 18:57;1789
03.03.21 18:47;1794
03.03.21 18:40;1790
03.03.21 18:37;1790
03.03.21 18:27;1789
03.03.21 18:17;1793
03.03.21 18:11;1788
03.03.21 18:07;1788
03.03.21 17:58;1793
03.03.21 17:51;1792
03.03.21 17:48;1792
03.03.21 17:38;1790
03.03.21 17:28;1793
03.03.21 17:18;1788
03.03.21 17:08;1787
03.03.21 16:58;1792
03.03.21 16:48;1788
03.03.21 16:39;1797
03.03.21 16:38;1795
03.03.21 16:35;1795
03.03.21 16:25;1794
03.03.21 16:15;1789
03.03.21 16:14;1792
03.03.21 16:11;1792
03.03.21 16:04;1790
03.03.21 16:01;1790
03.03.21 15:51;1794
03.03.21 15:50;1787
03.03.21 15:47;1787
03.03.21 15:46;1795
03.03.21 15:43;1795
03.03.21 15:33;1795
03.03.21 15:28;1798
03.03.21 15:21;1793
03.03.21 15:18;1793
03.03.21 15:08;1794
03.03.21 14:58;1789
03.03.21 14:48;1790
03.03.21 14:38;1779
03.03.21 14:32;1792
03.03.21 14:28;1792
03.03.21 14:22;1793
03.03.21 14:19;1793
03.03.21 14:09;1797
03.03.21 13:59;1787
03.03.21 13:49;1793
03.03.21 13:39;1792
03.03.21 13:29;1798
03.03.21 13:22;1793
03.03.21 13:15;1791
03.03.21 13:05;1797
03.03.21 12:55;1790
03.03.21 12:45;1789
03.03.21 12:35;1785
03.03.21 12:25;1796
03.03.21 12:19;1783
03.03.21 12:15;1783
03.03.21 12:06;1800
03.03.21 11:56;1799
03.03.21 11:46;1786
03.03.21 11:36;1793
03.03.21 11:26;1786
03.03.21 11:16;1797
03.03.21 11:00;1794
03.03.21 10:56;1794
03.03.21 10:47;1803
03.03.21 10:37;1790
03.03.21 10:27;1797
03.03.21 10:17;1794
03.03.21 10:16;1797
03.03.21 10:13;1797
03.03.21 10:06;1785
03.03.21 10:03;1785
03.03.21 09:53;1791
03.03.21 09:43;1796
03.03.21 09:33;1792
03.03.21 09:24;1793
03.03.21 09:23;1793
03.03.21 09:20;1793
03.03.21 09:13;1795
03.03.21 09:10;1795
03.03.21 09:00;1789
03.03.21 08:50;1788
03.03.21 08:40;1795
03.03.21 08:30;1790
03.03.21 08:20;1792
03.03.21 08:10;1787
03.03.21 08:01;1786
03.03.21 07:51;1782
03.03.21 07:41;1792
03.03.21 07:31;1791
03.03.21 07:21;1793
03.03.21 07:11;1791
03.03.21 07:01;1791
03.03.21 06:51;1788
03.03.21 06:42;1794
03.03.21 06:32;1792
03.03.21 06:22;1790
03.03.21 06:12;1790
03.03.21 06:02;1792
03.03.21 05:52;1793
03.03.21 05:42;1788
03.03.21 05:32;1792
03.03.21 05:23;1791
03.03.21 05:13;1791
03.03.21 05:03;1792
03.03.21 04:53;1791
03.03.21 04:43;1789
03.03.21 04:33;1791
03.03.21 04:23;1790
03.03.21 04:13;1792
03.03.21 04:04;1791
03.03.21 03:54;1793
03.03.21 03:44;1788
03.03.21 03:34;1789
03.03.21 03:24;1794
03.03.21 03:14;1787
03.03.21 03:04;1790
03.03.21 02:54;1789
03.03.21 02:45;1790
03.03.21 02:35;1792
03.03.21 02:25;1791
03.03.21 02:15;1789
03.03.21 02:05;1792
03.03.21 01:55;1790
03.03.21 01:45;1789
03.03.21 01:35;1791
03.03.21 01:26;1791
03.03.21 01:16;1793
03.03.21 01:06;1790
03.03.21 00:56;1793
03.03.21 00:46;1791
03.03.21 00:36;1789
03.03.21 00:26;1788
03.03.21 00:16;1790
03.03.21 00:06;1788
02.03.21 23:57;1791
02.03.21 23:47;1792
02.03.21 23:37;1793
02.03.21 23:27;1792
02.03.21 23:17;1794
02.03.21 23:07;1789
02.03.21 22:57;1791
02.03.21 22:47;1797
02.03.21 22:37;1786
02.03.21 22:28;1788
02.03.21 22:18;1794
02.03.21 22:08;1795
02.03.21 21:58;1791
02.03.21 21:48;1789
02.03.21 21:38;1791
02.03.21 21:28;1791
02.03.21 21:18;1789
02.03.21 21:08;1793
02.03.21 20:59;1791
02.03.21 20:49;1791
02.03.21 20:39;1789
02.03.21 20:29;1791
02.03.21 20:19;1792
02.03.21 20:09;1792
02.03.21 19:59;1793
02.03.21 19:49;1792
02.03.21 19:40;1792
02.03.21 19:30;1793
02.03.21 19:20;1795
02.03.21 19:10;1789
02.03.21 19:00;1791
02.03.21 18:50;1790
02.03.21 18:40;1792
02.03.21 18:30;1791
02.03.21 18:20;1789
02.03.21 18:11;1793
02.03.21 18:01;1794
02.03.21 17:51;1790
02.03.21 17:41;1791
02.03.21 17:31;1789
02.03.21 17:21;1799
02.03.21 17:11;1791
02.03.21 17:01;1788
02.03.21 16:51;1789
02.03.21 16:42;1804
02.03.21 16:32;1792
02.03.21 16:22;1791
02.03.21 16:12;1781
02.03.21 16:02;1790
02.03.21 15:52;1777
02.03.21 15:42;1805
02.03.21 15:32;1773
02.03.21 15:22;1794
02.03.21 15:13;1807
02.03.21 15:03;1781
02.03.21 14:53;1792
02.03.21 14:43;1772
02.03.21 14:33;1817
02.03.21 14:23;1778
02.03.21 14:13;1801
02.03.21 14:03;1804
02.03.21 13:54;1796
02.03.21 13:44;1807
02.03.21 13:34;1797
02.03.21 13:24;1792
02.03.21 13:14;1776
02.03.21 13:04;1787
02.03.21 12:54;1790
02.03.21 12:44;1789
02.03.21 12:35;1790
02.03.21 12:25;1790
02.03.21 12:15;1779
02.03.21 12:05;1793
02.03.21 11:55;1795
02.03.21 11:45;1799
02.03.21 11:35;1795
02.03.21 11:25;1787
02.03.21 11:16;1787
02.03.21 11:06;1796
02.03.21 10:56;1794
02.03.21 10:46;1789
02.03.21 10:36;1799
02.03.21 10:26;1788
02.03.21 10:16;1781
02.03.21 10:06;1788
02.03.21 09:57;1796
02.03.21 09:47;1785
02.03.21 09:37;1791
02.03.21 09:27;1791
02.03.21 09:17;1786
02.03.21 09:07;1792
02.03.21 08:57;1790
02.03.21 08:47;1792
02.03.21 08:38;1789
02.03.21 08:28;1792
02.03.21 08:18;1791
02.03.21 08:08;1788
02.03.21 07:58;1789
02.03.21 07:48;1789
02.03.21 07:38;1791
02.03.21 07:29;1789
02.03.21 07:19;1791
02.03.21 07:09;1788
02.03.21 06:59;1792
02.03.21 06:49;1790
02.03.21 06:39;1789
02.03.21 06:29;1792
02.03.21 06:19;1790
02.03.21 06:10;1789
02.03.21 06:00;1790
02.03.21 05:50;1792
02.03.21 05:40;1792
02.03.21 05:30;1789
02.03.21 05:23;1790
02.03.21 05:20;1790
02.03.21 05:10;1791
02.03.21 05:01;1794
02.03.21 04:51;1789
02.03.21 04:41;1790
02.03.21 04:31;1793
02.03.21 04:21;1790
02.03.21 04:14;1792
02.03.21 04:01;1790
02.03.21 03:51;1795
02.03.21 03:42;1793
02.03.21 03:32;1795
02.03.21 03:22;1792
02.03.21 03:12;1793
02.03.21 03:02;1793
02.03.21 02:52;1787
02.03.21 02:42;1793
02.03.21 02:32;1793
02.03.21 02:23;1793
02.03.21 02:13;1791
02.03.21 02:03;1787
02.03.21 01:53;1792
02.03.21 01:43;1794
02.03.21 01:33;1792
02.03.21 01:23;1792
02.03.21 01:13;1791
02.03.21 01:04;1791
02.03.21 00:54;1790
02.03.21 00:44;1790
02.03.21 00:34;1792
02.03.21 00:24;1793
02.03.21 00:14;1787
02.03.21 00:04;1792
01.03.21 23:54;1795
01.03.21 23:45;1790
01.03.21 23:35;1790
01.03.21 23:25;1795
01.03.21 23:15;1793
01.03.21 23:05;1788
01.03.21 22:55;1786
01.03.21 22:45;1788
01.03.21 22:35;1790
01.03.21 22:26;1790
01.03.21 22:16;1790
01.03.21 22:06;1792
01.03.21 21:56;1787
01.03.21 21:46;1788
01.03.21 21:36;1791
01.03.21 21:26;1795
01.03.21 21:16;1791
01.03.21 21:06;1791
01.03.21 20:57;1790
01.03.21 20:47;1789
01.03.21 20:37;1789
01.03.21 20:27;1793
01.03.21 20:17;1795
01.03.21 20:07;1792
01.03.21 19:57;1791
01.03.21 19:51;1794
01.03.21 19:48;1794
01.03.21 19:41;1792
01.03.21 19:38;1792
01.03.21 19:28;1793
01.03.21 19:21;1789
01.03.21 19:18;1789
01.03.21 19:08;1790
01.03.21 18:58;1792
01.03.21 18:48;1795
01.03.21 18:38;1790
01.03.21 18:29;1793
01.03.21 18:19;1793
01.03.21 18:12;1789
01.03.21 18:09;1789
01.03.21 18:08;1794
01.03.21 18:05;1794
01.03.21 17:55;1791
01.03.21 17:45;1791
01.03.21 17:38;1785
01.03.21 17:35;1785
01.03.21 17:25;1794
01.03.21 17:15;1792
01.03.21 17:05;1806
01.03.21 16:55;1782
01.03.21 16:46;1798
01.03.21 16:36;1787
01.03.21 16:26;1766
01.03.21 16:19;1804
01.03.21 16:16;1804
01.03.21 16:06;1815
01.03.21 15:56;1798
01.03.21 15:46;1798
01.03.21 15:36;1799
01.03.21 15:27;1770
01.03.21 15:17;1786
01.03.21 15:07;1785
01.03.21 14:57;1811
01.03.21 14:47;1805
01.03.21 14:37;1808
01.03.21 14:27;1795
01.03.21 14:17;1805
01.03.21 14:07;1782
01.03.21 13:58;1798
01.03.21 13:48;1776
01.03.21 13:38;1783
01.03.21 13:28;1790
01.03.21 13:18;1791
01.03.21 13:08;1782
01.03.21 12:58;1806
01.03.21 12:48;1786
01.03.21 12:39;1792
01.03.21 12:29;1794
01.03.21 12:19;1784
01.03.21 12:09;1786
01.03.21 11:59;1786
01.03.21 11:49;1785
01.03.21 11:39;1796
01.03.21 11:29;1788
01.03.21 11:20;1789
01.03.21 11:10;1798
01.03.21 11:00;1790
01.03.21 10:50;1790
01.03.21 10:40;1785
01.03.21 10:30;1795
01.03.21 10:20;1790
01.03.21 10:11;1791
01.03.21 10:01;1793
01.03.21 09:51;1787
01.03.21 09:41;1789
01.03.21 09:31;1787
01.03.21 09:21;1789
01.03.21 09:11;1790
01.03.21 09:01;1795
01.03.21 08:52;1787
01.03.21 08:42;1789
01.03.21 08:32;1791
01.03.21 08:22;1790
01.03.21 08:12;1788
01.03.21 08:02;1791
01.03.21 07:52;1793
01.03.21 07:42;1796
01.03.21 07:33;1795
01.03.21 07:23;1790
01.03.21 07:13;1790
01.03.21 07:03;1790
01.03.21 06:56;1788
01.03.21 06:53;1788
01.03.21 06:43;1791
01.03.21 06:33;1790
01.03.21 06:24;1789
01.03.21 06:14;1789
01.03.21 06:04;1790
01.03.21 05:57;1796
01.03.21 05:54;1796
01.03.21 05:44;1795
01.03.21 05:34;1795
01.03.21 05:24;1789
01.03.21 05:15;1796
01.03.21 05:05;1789
01.03.21 04:55;1793
01.03.21 04:45;1796
01.03.21 04:35;1792
01.03.21 04:25;1792
01.03.21 04:15;1791
01.03.21 04:05;1794
01.03.21 03:56;1792
01.03.21 03:46;1791
01.03.21 03:36;1788
01.03.21 03:26;1792
01.03.21 03:16;1788
01.03.21 03:06;1792
01.03.21 02:56;1792
01.03.21 02:47;1790
01.03.21 02:37;1792
01.03.21 02:27;1786
01.03.21 02:17;1791
01.03.21 02:07;1789
01.03.21 01:57;1791
01.03.21 01:47;1789
01.03.21 01:37;1789
01.03.21 01:28;1791
01.03.21 01:18;1787
01.03.21 01:08;1790
01.03.21 00:58;1789
01.03.21 00:48;1795
01.03.21 00:38;1794
01.03.21 00:28;1793
01.03.21 00:18;1794
01.03.21 00:09;1795
28.02.21 23:59;1790
28.02.21 23:49;1797
28.02.21 23:39;1790
28.02.21 23:29;1791
28.02.21 23:19;1788
28.02.21 23:09;1790
28.02.21 22:59;1787
28.02.21 22:50;1789
28.02.21 22:40;1792
28.02.21 22:30;1791
28.02.21 22:20;1793
28.02.21 22:10;1790
28.02.21 22:00;1792
28.02.21 21:50;1790
28.02.21 21:40;1788
28.02.21 21:31;1789
28.02.21 21:21;1791
28.02.21 21:11;1795
28.02.21 21:01;1789
28.02.21 20:51;1789
28.02.21 20:41;1792
28.02.21 20:31;1789
28.02.21 20:21;1789
28.02.21 20:12;1790
28.02.21 20:02;1793
28.02.21 19:52;1794
28.02.21 19:42;1793
28.02.21 19:32;1792
28.02.21 19:22;1790
28.02.21 19:12;1790
28.02.21 19:02;1791
28.02.21 18:53;1795
28.02.21 18:43;1793
28.02.21 18:33;1791
28.02.21 18:23;1794
28.02.21 18:13;1791
28.02.21 18:03;1791
28.02.21 17:53;1786
28.02.21 17:43;1791
28.02.21 17:34;1790
28.02.21 17:24;1792
28.02.21 17:17;1800
28.02.21 12:43;1786
28.02.21 12:30;1792
28.02.21 12:20;1788
28.02.21 12:10;1793
28.02.21 12:00;1799
28.02.21 11:51;1797
28.02.21 11:41;1797
28.02.21 11:31;1803
28.02.21 11:21;1793
28.02.21 11:11;1797
28.02.21 11:01;1789
28.02.21 10:51;1782
28.02.21 10:42;1784
28.02.21 10:32;1790
28.02.21 10:22;1791
28.02.21 10:15;1789
28.02.21 10:02;1786
28.02.21 09:52;1787
28.02.21 09:42;1790
28.02.21 09:41;1795
28.02.21 09:38;1795
28.02.21 09:32;1790
28.02.21 09:29;1790
28.02.21 09:19;1791
28.02.21 09:09;1787
28.02.21 08:59;1796
28.02.21 08:49;1788
28.02.21 08:39;1786
28.02.21 08:29;1796
28.02.21 08:19;1792
28.02.21 08:09;1789
28.02.21 08:00;1789
28.02.21 07:50;1792
28.02.21 07:40;1792
28.02.21 07:30;1794
28.02.21 07:20;1794
28.02.21 07:10;1791
28.02.21 07:00;1793
28.02.21 06:51;1792
28.02.21 06:44;1787
28.02.21 06:41;1787
28.02.21 06:31;1793
28.02.21 06:21;1789
28.02.21 06:11;1793
28.02.21 06:01;1789
28.02.21 05:51;1789
28.02.21 05:41;1792
28.02.21 05:32;1794
28.02.21 05:22;1793
28.02.21 05:12;1791
28.02.21 05:02;1789
28.02.21 04:52;1795
28.02.21 04:42;1796
28.02.21 04:32;1789
28.02.21 04:23;1792
28.02.21 04:13;1790
28.02.21 04:03;1791
28.02.21 03:53;1791
28.02.21 03:43;1792
28.02.21 03:33;1789
28.02.21 03:23;1794
28.02.21 03:13;1792
28.02.21 03:04;1787
28.02.21 02:54;1793
28.02.21 02:44;1787
28.02.21 02:34;1793
28.02.21 02:24;1788
28.02.21 02:14;1794
28.02.21 02:04;1790
28.02.21 01:54;1793
28.02.21 01:45;1791
28.02.21 01:35;1787
28.02.21 01:25;1791
28.02.21 01:15;1787
28.02.21 01:05;1788
28.02.21 00:55;1792
28.02.21 00:45;1790
28.02.21 00:35;1787
28.02.21 00:26;1793
28.02.21 00:16;1793
28.02.21 00:06;1790
27.02.21 23:56;1792
27.02.21 23:46;1795
27.02.21 23:36;1794
27.02.21 23:26;1788
27.02.21 23:17;1789
27.02.21 23:07;1790
27.02.21 22:57;1791
27.02.21 22:47;1792
27.02.21 22:37;1790
27.02.21 22:27;1790
27.02.21 22:17;1792
27.02.21 22:07;1791
27.02.21 21:58;1791
27.02.21 21:48;1790
27.02.21 21:38;1790
27.02.21 21:28;1790
27.02.21 21:18;1791
27.02.21 21:08;1789
27.02.21 20:58;1789
27.02.21 20:48;1794
27.02.21 20:38;1793
27.02.21 20:29;1791
27.02.21 20:22;1794
27.02.21 20:19;1794
27.02.21 20:12;1792
27.02.21 20:09;1792
27.02.21 20:02;1795
27.02.21 19:58;1793
27.02.21 19:45;1788
27.02.21 19:35;1792
27.02.21 19:25;1789
27.02.21 19:15;1791
27.02.21 19:06;1784
27.02.21 18:56;1792
27.02.21 18:46;1788
27.02.21 18:36;1790
27.02.21 18:26;1792
27.02.21 18:16;1789
27.02.21 18:06;1787
27.02.21 17:56;1793
27.02.21 17:46;1789
27.02.21 17:37;1793
27.02.21 17:27;1794
27.02.21 17:17;1801
27.02.21 17:07;1788
27.02.21 16:57;1795
27.02.21 16:47;1803
27.02.21 16:41;1776
27.02.21 16:37;1776
27.02.21 16:36;1798
27.02.21 16:33;1798
27.02.21 16:27;1802
27.02.21 16:24;1802
27.02.21 16:13;1805
27.02.21 16:04;1784
27.02.21 15:54;1782
27.02.21 15:47;1773
27.02.21 15:44;1773
27.02.21 15:34;1768
27.02.21 15:24;1774
27.02.21 15:14;1820
27.02.21 15:04;1784
27.02.21 14:54;1798
27.02.21 14:45;1824
27.02.21 14:35;1802
27.02.21 14:25;1804
27.02.21 14:15;1812
27.02.21 14:05;1806
27.02.21 13:55;1772
27.02.21 13:45;1799
27.02.21 13:35;1790
27.02.21 13:26;1799
27.02.21 13:16;1791
27.02.21 13:06;1794
27.02.21 12:56;1797
27.02.21 12:46;1789
27.02.21 12:36;1790
27.02.21 12:26;1790
27.02.21 12:16;1784
27.02.21 12:07;1789
27.02.21 11:57;1794
27.02.21 11:47;1790
27.02.21 11:37;1802
27.02.21 11:27;1787
27.02.21 11:17;1798
27.02.21 11:07;1789
27.02.21 10:57;1787
27.02.21 10:48;1786
27.02.21 10:38;1786
27.02.21 10:28;1797
27.02.21 10:18;1792
27.02.21 10:08;1789
27.02.21 09:58;1784
27.02.21 09:48;1791
27.02.21 09:38;1789
27.02.21 09:29;1785
27.02.21 09:19;1795
27.02.21 09:09;1784
27.02.21 08:59;1788
27.02.21 08:49;1787
27.02.21 08:39;1792
27.02.21 08:29;1787
27.02.21 08:19;1796
27.02.21 08:09;1786
27.02.21 08:00;1791
27.02.21 07:50;1785
27.02.21 07:40;1792
27.02.21 07:30;1794
27.02.21 07:20;1794
27.02.21 07:10;1790
27.02.21 07:00;1790
27.02.21 06:50;1797
27.02.21 06:41;1794
27.02.21 06:31;1792
27.02.21 06:21;1790
27.02.21 06:11;1792
27.02.21 06:01;1791
27.02.21 05:51;1791
27.02.21 05:41;1792
27.02.21 05:31;1790
27.02.21 05:22;1791
27.02.21 05:12;1788
27.02.21 05:02;1787
27.02.21 04:52;1789
27.02.21 04:42;1793
27.02.21 04:32;1790
27.02.21 04:22;1792
27.02.21 04:12;1792
27.02.21 04:03;1789
27.02.21 03:53;1792
27.02.21 03:43;1790
27.02.21 03:33;1790
27.02.21 03:23;1792
27.02.21 03:13;1793
27.02.21 03:03;1794
27.02.21 02:53;1793
27.02.21 02:44;1790
27.02.21 02:34;1795
27.02.21 02:24;1790
27.02.21 02:14;1795
27.02.21 02:04;1791
27.02.21 01:54;1790
27.02.21 01:44;1791
27.02.21 01:34;1788
27.02.21 01:25;1788
27.02.21 01:15;1793
27.02.21 01:05;1788
27.02.21 00:55;1791
27.02.21 00:45;1792
27.02.21 00:35;1791
27.02.21 00:25;1791
27.02.21 00:15;1791
27.02.21 00:06;1794
26.02.21 23:56;1790
26.02.21 23:46;1790
26.02.21 23:36;1788
26.02.21 23:26;1791
26.02.21 23:16;1789
26.02.21 23:06;1795
26.02.21 23:06;1788
26.02.21 23:03;1788
26.02.21 22:52;1790
26.02.21 22:42;1794
26.02.21 22:33;1788
26.02.21 22:23;1794
26.02.21 22:13;1791
26.02.21 22:03;1791
26.02.21 21:53;1798
26.02.21 21:43;1794
26.02.21 21:33;1792
26.02.21 21:23;1788
26.02.21 21:14;1792
26.02.21 21:04;1788
26.02.21 20:54;1791
26.02.21 20:44;1793
26.02.21 20:34;1791
26.02.21 20:24;1791
26.02.21 20:14;1789
26.02.21 20:04;1793
26.02.21 19:55;1792
26.02.21 19:45;1791
26.02.21 19:35;1793
26.02.21 19:25;1792
26.02.21 19:15;1793
26.02.21 19:05;1794
26.02.21 18:55;1794
26.02.21 18:45;1792
26.02.21 18:35;1788
26.02.21 18:26;1790
26.02.21 18:16;1790
26.02.21 18:06;1792
26.02.21 17:56;1794
26.02.21 17:46;1793
26.02.21 17:36;1792
26.02.21 17:30;1791
26.02.21 17:26;1791
26.02.21 17:16;1793
26.02.21 17:07;1788
26.02.21 16:57;1788
26.02.21 16:47;1791
26.02.21 16:27;1793
26.02.21 16:17;1797
26.02.21 16:07;1786
26.02.21 15:57;1791
26.02.21 15:48;1789
26.02.21 15:38;1789
26.02.21 15:28;1794
26.02.21 15:18;1788
26.02.21 15:08;1789
26.02.21 14:58;1793
26.02.21 14:48;1798
26.02.21 14:38;1791
26.02.21 14:28;1794
26.02.21 14:19;1792
26.02.21 14:09;1788
26.02.21 13:59;1789
26.02.21 13:49;1793
26.02.21 13:39;1791
26.02.21 13:29;1795
26.02.21 13:19;1789
26.02.21 13:09;1784
26.02.21 13:00;1790
26.02.21 12:50;1802
26.02.21 12:43;1785
26.02.21 12:40;1785
26.02.21 12:33;1800
26.02.21 12:30;1800
26.02.21 12:23;1792
26.02.21 12:20;1792
26.02.21 12:10;1793
26.02.21 12:00;1796
26.02.21 11:50;1796
26.02.21 11:41;1796
26.02.21 11:31;1796
26.02.21 11:21;1797
26.02.21 11:11;1786
26.02.21 11:01;1791
26.02.21 10:51;1785
26.02.21 10:41;1795
26.02.21 10:31;1795
26.02.21 10:25;1792
26.02.21 10:22;1792
26.02.21 10:12;1798
26.02.21 10:02;1790
26.02.21 09:52;1787
26.02.21 09:42;1795
26.02.21 09:32;1790
26.02.21 09:22;1788
26.02.21 09:12;1791
26.02.21 09:02;1793
26.02.21 08:53;1793
26.02.21 08:43;1789
26.02.21 08:33;1796
26.02.21 08:23;1791
26.02.21 08:13;1787
26.02.21 08:03;1788
26.02.21 07:53;1786
26.02.21 07:43;1789
26.02.21 07:34;1791
26.02.21 07:24;1787
26.02.21 07:14;1791
26.02.21 07:04;1791
26.02.21 06:54;1796
26.02.21 06:44;1795
26.02.21 06:34;1790
26.02.21 06:24;1790
26.02.21 06:15;1793
26.02.21 06:05;1792
26.02.21 05:55;1790
26.02.21 05:45;1793
26.02.21 05:35;1789
26.02.21 05:25;1788
26.02.21 05:15;1792
26.02.21 05:05;1791
26.02.21 04:56;1791
26.02.21 04:46;1791
26.02.21 04:36;1790
26.02.21 04:26;1792
26.02.21 04:16;1792
26.02.21 04:06;1788
26.02.21 03:56;1792
26.02.21 03:46;1787
26.02.21 03:37;1789
26.02.21 03:27;1789
26.02.21 03:17;1794
26.02.21 03:07;1793
26.02.21 02:57;1791
26.02.21 02:47;1789
26.02.21 02:37;1792
26.02.21 02:27;1793
26.02.21 02:17;1792
26.02.21 02:08;1791
26.02.21 01:58;1793
26.02.21 01:48;1790
26.02.21 01:38;1786
26.02.21 01:28;1792
26.02.21 01:18;1788
26.02.21 01:08;1794
26.02.21 00:58;1792
26.02.21 00:49;1793
26.02.21 00:39;1792
26.02.21 00:29;1790
26.02.21 00:19;1792
26.02.21 00:09;1792
25.02.21 23:59;1792
25.02.21 23:49;1793
25.02.21 23:39;1790
25.02.21 23:29;1789
25.02.21 23:20;1793
25.02.21 23:10;1794
25.02.21 23:00;1794
25.02.21 22:50;1794
25.02.21 22:40;1795
25.02.21 22:30;1791
25.02.21 22:20;1793
25.02.21 22:10;1793
25.02.21 22:01;1788
25.02.21 21:51;1792
25.02.21 21:41;1791
25.02.21 21:31;1793
25.02.21 21:21;1790
25.02.21 21:11;1793
25.02.21 21:01;1795
25.02.21 20:51;1795
25.02.21 20:41;1793
25.02.21 20:32;1788
25.02.21 20:22;1793
25.02.21 20:12;1786
25.02.21 20:02;1791
25.02.21 19:52;1789
25.02.21 19:42;1790
25.02.21 19:32;1790
25.02.21 19:22;1787
25.02.21 19:13;1791
25.02.21 19:03;1791
25.02.21 18:56;1791
25.02.21 18:53;1791
25.02.21 18:43;1791
25.02.21 18:33;1794
25.02.21 18:23;1791
25.02.21 18:13;1790
25.02.21 18:03;1793
25.02.21 17:53;1793
25.02.21 17:44;1793
25.02.21 17:34;1792
25.02.21 17:24;1792
25.02.21 17:14;1806
25.02.21 17:04;1800
25.02.21 16:57;1794
25.02.21 16:54;1794
25.02.21 16:44;1797
25.02.21 16:34;1785
25.02.21 16:25;1785
25.02.21 16:18;1793
25.02.21 16:15;1793
25.02.21 16:05;1787
25.02.21 15:55;1783
25.02.21 15:45;1787
25.02.21 15:44;1784
25.02.21 15:41;1784
25.02.21 15:31;1796
25.02.21 15:21;1798
25.02.21 15:11;1791
25.02.21 15:01;1789
25.02.21 14:51;1798
25.02.21 14:42;1783
25.02.21 14:41;1798
25.02.21 14:38;1798
25.02.21 14:28;1791
25.02.21 14:21;1787
25.02.21 14:18;1787
25.02.21 14:08;1789
25.02.21 13:58;1810
25.02.21 13:57;1798
25.02.21 13:54;1798
25.02.21 13:44;1787
25.02.21 13:34;1799
25.02.21 13:24;1794
25.02.21 13:18;1799
25.02.21 13:14;1799
25.02.21 13:08;1801
25.02.21 13:05;1801
25.02.21 12:55;1797
25.02.21 12:45;1798
25.02.21 12:35;1795
25.02.21 12:25;1797
25.02.21 12:15;1793
25.02.21 12:05;1793
25.02.21 11:55;1802
25.02.21 11:46;1789
25.02.21 11:36;1792
25.02.21 11:26;1801
25.02.21 11:16;1796
25.02.21 11:06;1796
25.02.21 10:56;1794
25.02.21 10:46;1788
25.02.21 10:36;1801
25.02.21 10:27;1791
25.02.21 10:17;1785
25.02.21 10:07;1789
25.02.21 09:57;1795
25.02.21 09:47;1793
25.02.21 09:40;1791
25.02.21 09:37;1791
25.02.21 09:30;1794
25.02.21 09:23;1791
25.02.21 09:22;1788
25.02.21 09:19;1788
25.02.21 09:09;1792
25.02.21 08:59;1791
25.02.21 08:49;1789
25.02.21 08:48;1789
25.02.21 08:45;1789
25.02.21 08:35;1789
25.02.21 08:34;1790
25.02.21 08:31;1790
25.02.21 08:21;1791
25.02.21 08:11;1793
25.02.21 08:01;1793
25.02.21 07:55;1792
25.02.21 07:51;1792
25.02.21 07:41;1790
25.02.21 07:32;1794
25.02.21 07:22;1791
25.02.21 07:12;1790
25.02.21 07:02;1792
25.02.21 06:52;1792
25.02.21 06:42;1786
25.02.21 06:32;1794
25.02.21 06:22;1792
25.02.21 06:13;1793
25.02.21 06:03;1793
25.02.21 05:53;1793
25.02.21 05:43;1791
25.02.21 05:33;1792
25.02.21 05:23;1790
25.02.21 05:13;1790
25.02.21 05:03;1791
25.02.21 04:54;1786
25.02.21 04:44;1793
25.02.21 04:34;1794
25.02.21 04:24;1794
25.02.21 04:14;1792
25.02.21 04:04;1794
25.02.21 03:54;1790
25.02.21 03:44;1791
25.02.21 03:34;1794
25.02.21 03:25;1792
25.02.21 03:15;1787
25.02.21 03:05;1790
25.02.21 02:55;1789
25.02.21 02:45;1793
25.02.21 02:35;1792
25.02.21 02:25;1789
25.02.21 02:15;1792
25.02.21 02:05;1790
25.02.21 01:56;1790
25.02.21 01:46;1787
25.02.21 01:36;1795
25.02.21 01:26;1787
25.02.21 01:16;1792
25.02.21 01:06;1793
25.02.21 00:56;1793
25.02.21 00:46;1788
25.02.21 00:37;1791
25.02.21 00:27;1788
25.02.21 00:17;1789
25.02.21 00:07;1794
24.02.21 23:57;1791
24.02.21 23:47;1788
24.02.21 23:37;1789
24.02.21 23:27;1788
24.02.21 23:17;1792
24.02.21 23:08;1789
24.02.21 22:58;1796
24.02.21 22:48;1796
24.02.21 22:38;1793
24.02.21 22:28;1794
24.02.21 22:18;1789
24.02.21 22:08;1790
24.02.21 21:58;1788
24.02.21 21:48;1791
24.02.21 21:39;1790
24.02.21 21:29;1793
24.02.21 21:19;1789
24.02.21 21:09;1792
24.02.21 20:59;1793
24.02.21 20:49;1790
24.02.21 20:39;1794
24.02.21 20:29;1791
24.02.21 20:23;1793
24.02.21 20:20;1793
24.02.21 20:10;1793
24.02.21 20:09;1792
24.02.21 20:06;1792
24.02.21 19:56;1790
24.02.21 19:49;1790
24.02.21 19:46;1790
24.02.21 19:45;1793
24.02.21 19:41;1793
24.02.21 19:31;1791
24.02.21 19:21;1789
24.02.21 19:12;1790
24.02.21 19:05;1790
24.02.21 19:02;1790
24.02.21 18:52;1794
24.02.21 18:42;1788
24.02.21 18:32;1793
24.02.21 18:22;1790
24.02.21 18:12;1791
24.02.21 18:02;1791
24.02.21 17:53;1793
24.02.21 17:43;1788
24.02.21 17:33;1789
24.02.21 17:23;1797
24.02.21 17:16;1795
24.02.21 17:13;1795
24.02.21 17:03;1790
24.02.21 17:02;1792
24.02.21 16:59;1792
24.02.21 16:49;1797
24.02.21 16:39;1800
24.02.21 16:29;1796
24.02.21 16:23;1809
24.02.21 16:20;1809
24.02.21 16:10;1791
24.02.21 16:03;1791
24.02.21 16:00;1791
24.02.21 15:50;1797
24.02.21 15:40;1795
24.02.21 15:30;1784
24.02.21 15:20;1793
24.02.21 15:10;1809
24.02.21 15:00;1805
24.02.21 14:51;1799
24.02.21 14:41;1796
24.02.21 14:31;1795
24.02.21 14:21;1794
24.02.21 14:14;1792
24.02.21 14:11;1792
24.02.21 14:01;1803
24.02.21 13:51;1790
24.02.21 13:41;1783
24.02.21 13:31;1796
24.02.21 13:22;1767
24.02.21 13:12;1789
24.02.21 13:02;1797
24.02.21 12:52;1791
24.02.21 12:42;1796
24.02.21 12:32;1792
24.02.21 12:22;1797
24.02.21 12:12;1789
24.02.21 12:03;1800
24.02.21 11:53;1793
24.02.21 11:43;1790
24.02.21 11:33;1799
24.02.21 11:23;1782
24.02.21 11:13;1784
24.02.21 11:03;1791
24.02.21 10:53;1800
24.02.21 10:43;1793
24.02.21 10:34;1795
24.02.21 10:24;1797
24.02.21 10:14;1797
24.02.21 10:04;1794
24.02.21 09:54;1792
24.02.21 09:44;1796
24.02.21 09:34;1792
24.02.21 09:24;1793
24.02.21 09:15;1791
24.02.21 09:05;1792
24.02.21 08:55;1789
24.02.21 08:45;1794
24.02.21 08:35;1793